,station_name,station_id,station_address,empty_slots,free_bikes,latitude,longitude,num_nearby_bars,avg_pop_bars,avg_rat_bars,num_nearby_lodging,avg_pop_lodging,avg_rat_lodging,num_nearby_trans_hubs,avg_pop_trans_hubs,avg_rating_trans_hubs,average_yelp_rating_bar,average_yelp_rating_hotels,average_yelp_rating_transport,total_bike_slots
0,Imperial & 7th,b6faafb631c1e75fe42dcf0183d5cdd9,699 S Imperial St,13,7,34.0348,-118.23128,18,0.849992181222896,8.416666666666666,6,0.9432716642283424,9.1,16,0.8131488421773331,0.0,4.2,3.57,4.7,20
1,Willow St & Mateo St,6ae1d85179bc7085c9d8855ac003f6fb,1301 Willow Street,7,11,34.03919,-118.23253,46,0.8494322130060027,8.266666666666667,15,0.5059095560504904,7.85,11,0.9235580677366222,0.0,4.17,3.61,4.77,18
2,Hope & 6th,8ef537aeddba68ac15b0c47ff03b0a2c,557 S Hope Street,20,11,34.04989,-118.25588,50,0.9728464012688012,7.689795918367346,50,0.834985199938235,7.583333333333333,50,0.7099390724247763,7.083333333333333,4.06,3.5,4.72,31
3,Hope & 1st,c14da060d71e97130920dde4509d7323,111 N Hope St,10,7,34.05772,-118.24897,33,0.9050506513296986,7.6,30,0.7754639764215968,6.45,32,0.6879114151885442,7.220000000000001,4.15,3.61,4.66,17
4,Grand & Washington,3eaeb9f13ce28cf2e56d21e7dd2b3b5c,1014 S Grand Ave,9,6,34.03286,-118.26808,6,0.9528321638972712,7.4,12,0.8337272164979032,0.0,25,0.7358222696085467,6.5,4.18,3.64,4.8,15
5,Hill & Washington,4fec4a96b4008dde8322da4c5362e0de,1950 S Hill Street,10,11,34.03105,-118.26709,4,0.9710567846047952,7.4,7,0.7797037196005511,0.0,22,0.6910749477221515,6.5,4.17,3.67,4.83,21
6,3rd & Santa Fe,b48f4c4a58ed86ad99fd36d48b90d17e,999 E Third Street,20,6,34.04607,-118.23309,48,0.8422987989834937,8.2,13,0.5734422920971747,6.3,8,0.8675837208916852,0.0,4.14,3.6,4.69,26
7,11th & Maple,796d14b17266f53933a815d0fdf9bc03,401 East 11th Street,6,9,34.03705,-118.25487,46,0.8451846147403904,7.86923076923077,29,0.7510354154616807,7.06,20,0.5968713471232491,0.0,4.08,3.61,4.78,15
8,Union Station West Portal,79a6c7eba90ca919aa05462872571f0c,834 N Alameda St,23,9,34.05661,-118.23721,32,0.8740187452909225,7.900000000000001,12,0.8121067010237972,5.8999999999999995,50,0.7139477865674148,6.659999999999999,4.18,3.54,4.45,32
9,Los Angeles & Temple,87062a6c7eb66fcccf3125407f57b221,201 N Los Angeles Street,20,9,34.0529,-118.24156,47,0.9403288597278674,7.944827586206896,38,0.7827937177598123,6.085714285714286,50,0.7377727231418746,7.114285714285714,4.13,3.59,4.53,29
10,Grand & Olympic,f1bdb0b7190e4825609e228db3a2d5be,919 S Grand Ave.,7,12,34.04373,-118.26014,50,0.9728760799072476,7.702272727272727,50,0.8883296300464372,7.792307692307693,50,0.7158366331407974,6.566666666666666,4.02,3.57,4.68,19
11,Westlake & 3rd,88d0278708f4e8ae138bf8b2dbf83ce1,300 S Westlake Ave,6,3,34.06228,-118.27152,5,0.6808015326111706,9.0,20,0.8738869618367542,5.8,14,0.6209064285396487,0.0,4.25,3.62,4.8,9
12,Berendo & Olympic,ec1bd6e0e1d0d76f09b865846cb86d9b,Berendo & Olympic road,14,4,34.0519,-118.29368,16,0.8505633071380154,7.4,14,0.7642416244212796,6.366666666666667,11,0.5179498184996846,0.0,4.26,3.79,4.82,18
13,Albany & Olympic,28cda1f1d041d57ba039ceedd37fa050,919 Albany St,12,2,34.04813,-118.27103,38,0.8527317793050383,7.1875,50,0.9093325253082172,6.8538461538461535,25,0.7317181942616064,6.55,4.15,3.58,4.8,14
14,Vermont & Beverly,58f2b0520a075d3dca5964106c619309,Vermont & Beverly ,6,5,34.07561,-118.29186,13,0.8865078513462546,6.957142857142857,11,0.7444459856631763,0.0,7,0.5278173987310245,0.0,4.26,3.83,4.78,11
15,Kenmore & 3rd,5701d99506112137b1398f95e133364f,S Kenmore Ave & W 3rd St,7,4,34.06927,-118.29659,38,0.8345262937881976,7.554545454545454,23,0.8126625367820574,6.9,11,0.688670908216935,0.0,4.23,3.86,4.81,11
16,Olive & 8th,219309df34c16523a6975947249f043a,729 S Olive Street,10,21,34.04554,-118.25667,50,0.9771097088928612,7.73265306122449,50,0.8218573644268435,7.923076923076922,50,0.6928765203567795,7.066666666666667,4.04,3.55,4.74,31
17,5th & Grand,35f83459dee556c98526690c42278a69,557 S 5th Street,18,5,34.05048,-118.25459,50,0.9689422732162064,7.706382978723405,50,0.824847353916455,7.720000000000001,50,0.7224586185886184,7.083333333333333,4.07,3.5,4.76,23
18,Figueroa & 9th,08a03d3012a50932bf424df1195f1553,865 S Figueroa Street,3,11,34.04661,-118.26273,50,0.9260767928226898,7.586842105263158,50,0.8903872061252103,7.941666666666667,43,0.6751746302601722,6.475,4.06,3.53,4.62,14
19,Westlake/MacArthur Park Station,b3c3330ee3d7b1f76642402a30561706,662 S Westlake Ave,13,2,34.05681,-118.275,9,0.8212171731314976,8.5,32,0.7879276695956836,5.46,16,0.7354570745865535,0.0,4.22,3.6,4.74,15
20,7th & Berendo,a2db0563ccede9a6577e025c8439088e,3192 W 7th St,4,11,34.05969,-118.29466,39,0.8490135255029535,7.56923076923077,34,0.885109122648151,6.7,15,0.8685969122700495,6.4,4.23,3.8,4.76,15
21,Union & 7th,eeff53c82d5135ea392eaddb040c1e86,694 South Union Avenue,7,6,34.05403,-118.27092,10,0.7541533456140632,7.333333333333333,44,0.7982521270999469,5.983333333333333,15,0.6664756137031211,0.0,4.21,3.5,4.82,13
22,7th & Park View,9663c5b10f8c077eb6fc54809018c208,2378 W 7th St,10,5,34.05771,-118.27976,7,0.9480733748066572,0.0,32,0.7836780112510336,5.46,17,0.5313435908709834,0.0,4.23,3.66,4.81,15
23,28th & University,c3a2b080882f44bc5ed9873f654721a4,737 W 28th St,4,6,34.02762,-118.28068,18,0.8677082542731743,6.433333333333333,11,0.617850702764585,5.6,12,0.8795958052097264,6.5,4.24,3.65,4.84,10
24,28th & Figueroa,7736bd853192342d312ced29408e393a,613 W 28th St,6,8,34.02629,-118.27769,13,0.9490423651949772,6.32,9,0.5632511805590088,5.6,14,0.8252953375973165,6.5,4.24,3.65,4.84,14
25,8th & Wall,6276e9668bca1a3bde993f7ad62bc6b0,517 East 8th Street,5,9,34.03987,-118.25004,46,0.9186187905138526,7.896875,42,0.6786892632596427,7.9,26,0.6971516096866469,0.0,4.09,3.59,4.77,14
26,9th & Los Angeles,7e094607d7edbd5363f2d972c7bc3a37,201 East 9th Street,4,10,34.0406,-118.25384,50,0.9439941963555604,7.872222222222222,43,0.7902526348297405,7.666666666666667,37,0.6621266459258325,6.6,4.07,3.61,4.78,14
27,Hill & College,b9765754f2c7e26b7a52017725112670,881 N Hill Street,10,5,34.06428,-118.23894,15,0.946147424036315,8.38,5,0.9646237957774678,5.766666666666666,25,0.6299638287819176,6.625,4.22,3.62,4.66,15
28,Severance & Adams,1469856d0938d26ffebfd9cfe58ef6df,804 W Adams Blvd,7,8,34.03017,-118.28095,13,0.895597734059509,7.066666666666667,10,0.617850702764585,5.6,11,0.8795958052097266,6.5,4.26,3.64,4.84,15
29,Row DTLA,ec9d91cf844994b91937f36462ceeacd,777 Alameda St,10,9,34.03352,-118.24184,13,0.6902210623163376,8.7,11,0.0685156057120474,0.0,10,0.7453962066190409,0.0,4.17,3.63,4.68,19
30,Traction & Rose,2cf8c3e87fe45b306ffbd15277ae5212,599 Traction Ave,13,12,34.04652,-118.23741,42,0.90658231571046,8.124,36,0.5549443942209165,6.3,17,0.7829955301748819,6.8,4.14,3.57,4.7,25
31,Stanford & 12th,58bf8e1de6aa7696d637ba15a984cbf6,800 E 12th Street,6,9,34.03189,-118.25018,9,0.532879242936742,8.9,5,0.0,0.0,3,0.9881835050629036,0.0,4.17,3.62,4.81,15
32,Maubert & Vermont,0aee99cd5183e66d14fe004b34e78e83,4698-4680 Maubert Ave,6,4,34.09905,-118.2915,28,0.8429727841127683,7.65,15,0.8945694223283711,6.266666666666667,18,0.7444643058103655,5.800000000000001,4.22,3.85,4.8,10
33,Vermont Pl & Vermont ,3b06183a0229c09aa770dd63fffeb2a1,1150 N Vermont Ave,5,5,34.09249,-118.29144,23,0.8464343277132723,7.720000000000001,17,0.9189695527877594,6.65,20,0.7363219018522832,5.800000000000001,4.22,3.86,4.77,10
34,8th & Vermont,562e4dd102414df3ce1c21b3e6469f4d,3038 W 8th St,6,8,34.05765,-118.29218,39,0.8604164267599773,7.558333333333334,28,0.871946844653751,6.916666666666667,15,0.8653390666670157,0.0,4.24,3.8,4.8,14
35,Hoover & 32nd,1837bced6e5c83431b5f247395070bae,3175 South Hoover Street,6,9,34.02586,-118.2841,19,0.8720285375549932,6.433333333333333,11,0.6504040464843202,5.6,8,0.895549512814943,0.0,4.24,3.65,4.81,15
36,Figueroa & McCarthy Way,583165bb256485aed47b1bfd02a51077,3499 S Figueroa St,7,8,34.0203,-118.28118,17,0.8652010707531222,6.233333333333334,7,0.5060862146126728,5.0,8,0.9117597024808098,0.0,4.21,3.66,4.81,15
37,29th & Ellendale,97d400d8be3ccd66abf2420d2cddeab7,1276 W 29th St,11,8,34.02835,-118.28867,15,0.8400905015271152,6.966666666666666,10,0.5934068407429605,6.2,2,0.0,0.0,4.26,3.7,4.84,19
38,University & Hoover,189a28b3d6bd7407e26020054b3c30d6,3451 University Ave,8,7,34.02404,-118.28341,19,0.8377426001872145,6.1,10,0.6504040464843202,5.6,9,0.9117597024808096,0.0,4.24,3.65,4.81,15
39,25th & Vermont,8d2b4a1f3efdb3f12167f1c96b3a65ec,1369 W 25th Street,1,7,34.03364,-118.29131,8,0.8773780205342678,8.1,8,0.6196983456907088,6.2,2,0.96010395374948,6.9,4.28,3.75,4.83,8
40,32nd & Figueroa,fe0c1c2ba2ed1a08d9be8b70f046812e,699 W 32nd Street,3,11,34.02371,-118.27917,18,0.8641908454938267,6.2,10,0.5632511805590088,5.6,10,0.8940650574598331,0.0,4.2,3.65,4.81,14
41,Factory Place & Alameda,c1a69c2ee20c45cd741aa75a324db330,1245 Factory Place,5,13,34.03922,-118.23649,48,0.8124398012410846,8.263157894736842,24,0.3405456554061736,6.6,12,0.7807328599226043,0.0,4.16,3.59,4.72,18
42,Grand & 14th,b7138b95b61f53e28d4f46b6a4a9f9e4,1375 S Grand Ave,10,5,34.03746,-118.26538,39,0.8789110875979105,7.478947368421053,32,0.9445811185583964,7.9875,31,0.6635244791805384,6.5,4.13,3.61,4.77,15
43,Hoover & 29th,4ea30af9cc6054bd402faaa73a46b601,2817 Hoover St,7,7,34.02868,-118.28411,16,0.8463120235126004,6.699999999999999,12,0.617850702764585,5.6,6,0.8574108048738571,0.0,4.27,3.66,4.84,14
44,7th & Bixel,d138e4d9b0c5b88044d5bc34ecda940b,1107 W 7th Street,21,13,34.0511,-118.26456,49,0.9016811913030895,7.4,50,0.8928214533796927,7.416666666666667,41,0.6206100850598394,6.5,4.04,3.52,4.73,34
45,Industrial St & Mateo St,03faae4f0cbbbac376ddd368e61309a8,1855 Industrial Street,7,8,34.0358,-118.23317,20,0.8161533972095799,8.416666666666666,9,0.6667338405396941,9.1,14,0.7885136881502873,0.0,4.2,3.61,4.72,15
46,Grand / LATTC,ac2636188523a44197fbe23b721f6b17,2117 S Grand Ave,6,10,34.0298,-118.27031,5,0.9743439424433318,6.300000000000001,6,0.6789603578186463,5.0,22,0.7381495546314061,6.5,4.18,3.68,4.81,16
47,5th & Hewitt,afd1fdfb1edc8e3e9235606eb5ae1660,1210 East 5th Street,4,11,34.04169,-118.23535,50,0.8215336754838917,8.252173913043478,27,0.4226931227039839,6.3,12,0.7807328599226043,0.0,4.13,3.6,4.76,15
48,2nd & Figueroa,56872f483f2d73bbd3a9b7fbf5961fb4,945 W 2nd Street,7,11,34.05697,-118.25359,41,0.8694924213265762,7.557894736842107,40,0.8139823220221807,6.914285714285714,42,0.716919528317277,7.325,4.17,3.61,4.72,18
49,Park & Echo Park,afd46d669450c45fad38778bda17746d,1610 Park Ave,7,8,34.07483,-118.25873,27,0.8901245189681228,8.078947368421053,5,0.8367969316370623,5.5,12,0.4968518135637135,0.0,4.22,3.68,4.81,15
50,1st & Central,13686166430a57c40226ddd2a3f70599,369 E First Street,7,20,34.0493,-118.23881,50,0.925032844014638,8.006451612903227,34,0.6646984347989078,5.866666666666667,45,0.7488874536988478,6.659999999999999,4.14,3.57,4.68,27
51,Wilshire & Witmer,2726b9e533cbdefb44c07669e8d29373,1234 Wilshire Blvd,7,1,34.05357,-118.26636,35,0.8768826011041911,7.12,47,0.9215080098300674,7.227272727272728,33,0.6709317254947713,6.5,4.13,3.49,4.81,8
52,Pico & Flower,551e9832f495a6321224709347d88126,515 W Pico Street,21,15,34.03998,-118.2664,42,0.8942199187856659,7.631578947368421,40,0.9189738056790712,7.383333333333333,32,0.7030809666481033,6.533333333333334,4.12,3.56,4.74,36
53,18th & San Pedro,2fda38f992f9c68e6c701703da14ae26,1850 San Pedro St,3,10,34.02851,-118.25667,3,0.8234775303394724,8.9,5,0.150633484518167,0.0,10,0.9881835050629036,0.0,4.19,3.65,4.81,13
54,Kenmore & 6th,00b01f59dad08867c8d3e0bf9f8771ae,609 S Kenmore Ave,10,4,34.06335,-118.2968,41,0.8731543938731718,7.6125,30,0.8176722869637947,6.733333333333333,13,0.6713047172634236,6.4,4.22,3.83,4.76,14
55,Temple & Vignes,b461066b0dbd4641d4aabcdbbde84ae4,720 E Temple St,7,6,34.05014,-118.23319,49,0.8670224137106705,8.083333333333334,11,0.7815492563328824,6.3,38,0.7747874565521055,6.659999999999999,4.17,3.6,4.65,13
56,Franklin & Hillhurst,38e7cc8b1971d963f69350aafd357472,4500 Franklin Ave,8,5,34.10536,-118.28727,23,0.8529866139544936,7.49,5,0.9011340171110174,7.2,12,0.7979454609218176,5.800000000000001,4.16,3.84,4.8,13
57,Vermont & Franklin,c4d94ccae61e4ad5cec617904dc2b336,1900 N Vermont,4,5,34.10578,-118.29194,21,0.8465274966283883,7.566666666666666,6,0.8983790159289318,6.35,13,0.8079804305932501,5.800000000000001,4.19,3.84,4.81,9
58,University & 30th,78ee71c654fff526758ef61f4d391bda,University Ave,3,6,34.02662,-118.28181,18,0.8677082542731743,6.433333333333333,11,0.617850702764585,5.6,10,0.8868720442405383,0.0,4.24,3.65,4.81,9
59,Wilshire & Alexandria,217a1a8874c8d42868dbfe06fec09591,3420 Wilshire Blvd,6,12,34.06166,-118.29824,37,0.8751997550334605,7.5125,32,0.7982937938884913,6.557142857142858,17,0.6353493928325187,6.4,4.2,3.81,4.77,18
60,Normandie & Sunset,f96bfb0b8ee24fe12274411e8e1d5576,1498 N Normandie,7,4,34.098,-118.30047,15,0.7941007381274541,7.916666666666667,23,0.8733770312463196,5.8,22,0.7274049337028768,0.0,4.24,3.82,4.8,11
61,Wilshire & Hobart,ca0dd39625f2c8d2b5340fc5fcc73863,3670 Wilshire Blvd,6,2,34.06162,-118.30557,41,0.8177445931971663,7.628571428571428,27,0.8913601313467315,6.211111111111111,13,0.6875080150643953,6.4,4.24,3.78,4.78,8
62,12th & Valencia,8de9b9962d97751c53bd3b054267eff3,1153 Valencia St,5,8,34.04557,-118.27419,37,0.7452864201593095,7.073333333333333,40,0.8278630595169238,7.054545454545454,15,0.6959195797881668,6.5,4.17,3.64,4.8,13
63,Lucile & Hoover,a678e7b4aa678c4032f54189acc0f83e,701 Lucile Ave,4,2,34.08265,-118.28439,25,0.8543806276033772,7.154545454545453,13,0.7745575030162813,0.0,10,0.9858254404032526,0.0,4.2,3.81,4.81,6
64,Rampart & Wilshire,f1830e485387c8a3d7acbf4fbc485da6,623 S Rampart Blvd,6,8,34.0616,-118.28199,12,0.8487845236630873,8.3,22,0.8355328414810007,5.1,10,0.8221279461631941,0.0,4.26,3.75,4.79,14
65,James M. Wood & Alvarado,f5c2122d12f5a4b3294a84a56846b877,2059 James M. Wood Blvd,3,10,34.05323,-118.27842,9,0.7227885058648773,0.0,29,0.7345572609286222,5.459999999999999,14,0.5313435908709834,0.0,4.24,3.54,4.84,13
66,Melbourne & Vermont,a45c57a3fe424386789fbbec309df5ef,4647 Melbourne Ave,6,4,34.10363,-118.29131,22,0.8553542125682939,7.68,8,0.896917766093595,6.35,12,0.7905529543854507,5.800000000000001,4.17,3.84,4.81,10
67,Hillhurst & Kingswell,53e133e255207c2d094a9ba3cc5a8c5c,1717 Hillhurst Ave,5,5,34.10233,-118.28746,24,0.8251610210079745,7.509090909090909,8,0.9007931315151024,7.2,12,0.7765947781598422,5.800000000000001,4.2,3.85,4.8,10
68,Ardmore & Olympic,c9ec9a1f7fb960031ac15196ce1d79fa,W Olympic Blvd & S Ardmore Ave,7,9,34.05243,-118.30202,22,0.8676905884169561,6.971428571428571,17,0.8226005623412799,5.9399999999999995,10,0.6276517322571555,6.4,4.27,3.83,4.81,16
69,Vermont & Exposition,9431ef767e90049ff9b97330acb19606,3775 S Vermont Ave,4,9,34.0179,-118.29172,12,0.8005694948611987,6.166666666666667,2,0.0,0.0,7,0.9342202029348876,0.0,4.3,3.71,4.8,13
70,Wilcox & Fountain,68c347cd152226af5276b56b8be8f673,1300-1310 Wilcox Ave,9,6,34.09437,-118.33101,50,0.9212745155714992,7.896969696969697,40,0.7886892829201446,6.9125,26,0.6163646314146323,5.85,4.07,3.9,4.79,15
71,Virgil & 6th,3cea15745b3577575de4d98b13d5e62b,3000 W 6th St,7,8,34.06349,-118.28716,33,0.8839487124459631,7.375,19,0.8148326018360277,6.3,7,0.537874287149987,0.0,4.28,3.8,4.8,15
72,Rowena & Hyperion,7513f1a17982e988e8b5b59eff81d080,2841 1/2 Hyperion Ave,14,3,34.10936,-118.27181,9,0.8726996531510093,7.48,2,0.9439351152729832,0.0,2,0.067117167809931,0.0,4.19,3.78,4.8,17
73,Glendale & Silver Lake,66060a7603ecd35a170866bf67710187,2420 Glendale Blv,7,5,34.1007,-118.25912,10,0.8430064333627078,7.920000000000002,1,0.1834317823147767,0.0,1,0.0,0.0,4.2,3.71,4.82,12
74,Vendome & Beverly,59259f0f1fe9b1b89f6ca6ac81a7eff6,3040 Beverly Blvd,3,5,34.07159,-118.28229,15,0.8525338877425934,7.2125,9,0.8377554679096451,0.0,5,0.4610919331157598,0.0,4.26,3.78,4.82,8
75,Santa Monica & Virgil,a82d89813a8d59be8310d197dd32e109,4477 Santa Monica Blvd,6,8,34.09097,-118.28625,28,0.8679352932401274,7.653846153846154,17,0.8027556990924548,6.1,19,0.6873453147095953,5.7,4.2,3.83,4.77,14
76,Expo Park/LAFC,0d91491450f0e3d829fe3515a78cd025,Southwest Stadium Entrance,8,7,34.01252,-118.2859,11,0.8148382723577768,6.074999999999999,4,0.6055476022853075,0.0,8,0.9276259968122944,0.0,4.29,3.67,4.81,15
77,Figueroa & 4th,37adc6c368a571311729a1d7cec2f59d,S Figueroa St & W 4th St,7,8,34.05355,-118.25584,50,0.9249317013696366,7.6322580645161295,50,0.8375747963628402,7.289999999999999,50,0.7287736433075396,7.083333333333333,4.1,3.49,4.71,15
78,Tracy & Hyperion,20c0d9703b9b0e6cd6c1cdfe47e6f22f,3706 Tracy St,8,4,34.10424,-118.2737,10,0.8726996531510093,7.48,1,0.1834317823147767,0.0,1,0.0,0.0,4.18,3.76,4.8,12
79,Ellendale Pl & Adams,c9ceecd52be0be143e009f6dd034d9a6,2617-2717 Ellendale Pl,5,7,34.0315,-118.28874,10,0.8826706736692003,7.65,8,0.7225629624201437,6.2,2,0.0,0.0,4.28,3.75,4.84,12
80,San Pedro & Winston,aa25f5681d46bb3be9ce6646fd926839,415 San Pedro St,7,4,34.04518,-118.24325,50,0.9476667002536032,8.023076923076925,41,0.6439844607083997,5.633333333333333,28,0.7448154368331332,7.35,4.14,3.56,4.71,11
81,Ambrose & Hillhurst,01fe175f4161ec894f572dca679ec6cf,Ambrose Ave & Hillhurst Ave,4,6,34.11003,-118.28716,15,0.8167262943838279,7.583333333333333,2,0.8786970711318972,0.0,2,0.9245550167105914,0.0,4.18,3.86,4.82,10
82,Wilshire & Normandie,f0ce8f952347c6360b01afd8c89a853d,Wilshire Normandie Plaza,7,7,34.06163,-118.30119,39,0.8944071461068887,7.570588235294117,36,0.8052886339189673,6.2666666666666675,16,0.6971584797418429,6.4,4.21,3.79,4.68,14
83,Western & 3rd,ff1a961aef44fc694fbc03e4fef4e52d,311 S Western Ave,11,3,34.06875,-118.30928,25,0.7845069630891407,7.5375,15,0.7151851774306256,5.65,8,0.683881498308876,6.300000000000001,4.27,3.87,4.8,14
84,Figueroa & 11th,af6f71831544035480f810b2a0ce30d7,1060 S Figueroa St ,10,6,34.04381,-118.26497,50,0.9358714731112848,7.548484848484848,49,0.9450030150697264,7.836363636363635,31,0.6794976397543705,6.566666666666666,4.05,3.51,4.68,16
85,Shatto Pl & Wilshire,3d4f4ead7bd36af6eedcbdce54c4e6f0,629 Shatto Pl,5,6,34.06258,-118.29009,40,0.8673888784929323,7.4142857142857155,30,0.7998048803664191,6.6,11,0.6039127472456531,0.0,4.27,3.79,4.78,11
86,5th & Western,6ef73f0945de812e192a68cb04e859d7,450 S Western Ave ,4,4,34.06543,-118.30882,31,0.8027372111783501,7.622222222222222,21,0.8718525332837818,6.314285714285715,12,0.670795554261098,6.4,4.22,3.84,4.78,8
87,7th & Hill,92611ea0e559a238b87dda400bed3e56,700 S Hill St,8,8,34.04585,-118.2544,50,0.969641422376228,7.710204081632654,50,0.7936318420608894,7.638461538461538,50,0.693002782555875,7.18,4.06,3.53,4.76,16
88,Normandie & 8th,8633f465f439760e0c6d5afa4c61b922,720 S Normandie Ave,3,3,34.05797,-118.29975,43,0.8663345896233148,7.533333333333333,34,0.8521240419974913,6.44,16,0.7315025399575497,6.4,4.21,3.82,4.8,6
89,7th & Spring,6e194b25fb4a81d2f71da5226efb294b,7th & Spring St.,7,19,34.0447,-118.25244,50,0.966640058833844,7.719148936170213,47,0.7316901578934971,7.5,50,0.7077931288979384,7.425,4.07,3.49,4.76,26
90,Grand & 8th,ff78dc38e281cb77cfaf713647954396,786 S Grand Ave,11,7,34.04613,-118.25759,50,0.9764654154878524,7.742000000000001,50,0.8459238132275849,7.923076923076922,50,0.7041943976989895,7.000000000000001,4.04,3.55,4.74,18
91,1st & Utah,18cec863b26b902d21442b1d33bf721e,111 S Utah St,4,12,34.04776,-118.22541,29,0.8902789730153748,8.172727272727274,7,0.5103109714127189,0.0,7,0.9428777810637724,8.5,4.19,3.57,4.77,16
92,Edgemont & Melrose,3057a81cf45037edfc41d7725804b8d7,707 N Edgemont St,11,7,34.08371,-118.29602,14,0.8689862035016226,7.75,11,0.7006069203047426,0.0,16,0.9827345698560298,0.0,4.27,3.85,4.77,18
93,Union Station East Portal,9c22c322bd2358bf6643497b48cd7171,N Vignes St,15,4,34.05628,-118.23177,14,0.9583606846786228,7.95,3,0.9607438503191632,5.9,36,0.753069072326977,6.625,4.2,3.57,4.46,19
94,17th St / SMC E Line Station,a0708769cac40d6fd883d48442e462d9,1610 Colorado Ave,7,12,34.02339,-118.47964,13,0.9213833412284445,7.48,10,0.7635699947395005,6.533333333333334,16,0.6671831203398125,6.6499999999999995,4.19,3.84,4.8,19
95,Washington & Abbot Kinney,b4cbab25d9e39bf3a1f2fa031b0ede7c,2901 W Washington Blvd,9,7,33.98842,-118.45163,12,0.8892118839225958,8.200000000000001,18,0.925744735792944,7.357142857142857,23,0.5351493436985713,6.5,4.07,3.78,4.84,16
96,Downtown Santa Monica E Line Station,f23f60934e25df4747b1777fd345221d,1621 4th St,6,11,34.01431,-118.49134,50,0.8368362175954276,7.160714285714286,50,0.8241262790811168,7.13,37,0.6054123564928219,6.525,4.08,3.64,4.77,17
97,Ocean Front Walk & North Venice,8fe052bee3846dcf461e678dc94aabba,2100 Ocean Front Walk,8,7,33.98434,-118.47155,18,0.8141975906389282,7.544444444444445,28,0.8625234601800826,7.2666666666666675,4,0.9351649990970784,0.0,4.04,3.78,4.84,15
98,Palms E Line Station,ef8bb8cd9a0b17156b21a35eb08001a8,10001 Exposition Blvd,3,11,34.02912,-118.40317,21,0.941925831320298,7.1923076923076925,7,0.9480649998822276,7.8,13,0.606515952922456,0.0,4.19,3.91,4.84,14
99,Abbot Kinney & Cadiz,4994f30d51fde81ce6891e473ed2e80d,1222 Abbot Kinney Blvd,5,18,33.99116,-118.46829,22,0.8022893847695113,8.127272727272727,24,0.8887361091510342,7.116666666666667,6,0.8186855032675292,0.0,4.05,3.76,4.85,23
100,Toes Beach at Culver Blvd,df4f3bcdd28e788bfa7aa336c910fa2d,6900 Pacific Ave,2,6,33.95718,-118.45125,6,0.9515196562093522,7.88,4,0.9267743716843804,7.9,1,0.5336711219519855,0.0,4.18,3.7,4.84,8
101,Dockweiler Beach at Imperial Hwy,1d8bd77b17763b836f17f72e58c26190,Dockweiler Beach,8,6,33.92846,-118.4352,0,0.0,0.0,0,0.0,0.0,0,0.0,0.0,4.19,3.61,4.85,14
102,Vista Del Mar & Culver,3ba2beaedff1cd429065df15dcd070ef,200 Culver Blvd,5,3,33.95879,-118.44828,6,0.9515196562093522,7.88,4,0.9267743716843804,7.9,2,0.5336711219519855,0.0,4.16,3.66,4.84,8
103,Rose & 7th,1bbcfe992adce8afaeb63ef3024e2a42,715 Rose Ave,9,13,34.00088,-118.46891,10,0.8982554639838992,8.42,8,0.7619951163721921,0.0,5,0.7776509907273883,6.2,4.15,3.78,4.82,22
104,California & Lincoln,8d24a32685baac8bca790bafb2eb1549,1000 California Ave,10,20,33.99834,-118.46101,6,0.9139418937274432,8.4,8,0.7518605854246654,0.0,3,0.5049896229451992,0.0,4.13,3.79,4.87,30
105,Bagley & Venice,da29d8efe275fa2fc930b91e55116478,3775 Bagley Ave,11,5,34.02569,-118.3953,24,0.9073243794511991,7.466666666666666,9,0.8393070098989862,7.666666666666667,16,0.5338226795332788,0.0,4.14,3.92,4.81,16
106,Westlawn & Beatrice,3d0bff7cd65cb0d9d89d98406e0513d3,5504 Westlawn Ave,6,6,33.98099,-118.41488,9,0.8070045065690382,8.2,2,0.8903277474332165,0.0,4,0.1611885064630862,0.0,4.2,3.72,4.77,12
107,McConnell & Runway,f42a4a1f005dbee64d3a79b71941d14d,12855 Runway,18,4,33.97619,-118.41842,12,0.7315523060764152,8.075,4,0.9267717545204964,0.0,5,0.1611885064630862,0.0,4.18,3.73,4.8,22
108,McLaughlin & Venice,e709c96a8662d58cf63f9b566a7e3cba,3781 McLaughlin,6,6,34.00902,-118.42501,8,0.8922526714700348,7.866666666666667,12,0.8388406562201948,5.0,3,0.8372019377481399,0.0,4.2,3.91,4.85,12
109,Venice & Colonial,7cb1b96167e4ba77d249a8d1a2fb27a8,12413 Venice,6,3,34.00351,-118.43438,7,0.8493704412276593,8.1,4,0.9133116806641316,5.7,9,0.8364495031314365,0.0,4.18,3.87,4.77,9
110,Rose & Overland,07b399f0d48a6c24e3269a696bc539bb,10618 Rose Ave,3,4,34.02765,-118.41356,7,0.9673718178558623,7.275,4,0.9187593072890632,0.0,13,0.7651684275817667,0.0,4.21,3.93,4.85,7
111,National & Motor,85d4d315372d95df58379c772003ec94,10377 National Blvd,8,7,34.02948,-118.41047,6,0.9673718178558623,7.275,4,0.9187593072890632,0.0,13,0.7651684275817667,0.0,4.21,3.94,4.84,15
112,Expo/Sepulveda E Line Station,9cc218bf704ba3ffc9e53c27aa26ada0,11295 Exposition Blvd,7,8,34.03535,-118.43414,12,0.9357346684358696,6.985714285714287,3,0.95103678947272,6.4,6,0.9815660061817412,0.0,4.19,3.9,4.85,15
113,Windward & Main,3c59eb4689a50927cf0577ec5120b354,140 Windward Ave,11,10,33.98813,-118.47174,18,0.81062934939923,7.9,29,0.8907454159989691,6.7555555555555555,4,0.8556564326834916,0.0,4.06,3.76,4.85,21
114,Westwood & National,57b20cb959c301d1a6c0223d4b8ce86f,3301 Westwood Blvd,5,5,34.03047,-118.42098,7,0.9372162012913088,6.633333333333333,2,0.9089750401080364,0.0,4,0.4431905321479326,0.0,4.21,3.92,4.86,10
115,Sepulveda & Charnock,e24154c6875403a5ad05ccbb61fb0cb6,3585 S Sepulveda Blvd,4,4,34.01737,-118.4206,8,0.9155755274239518,8.233333333333333,8,0.8164808044114915,5.0,3,0.8401305441345431,0.0,4.21,3.87,4.85,8
116,Palms & Kelton,fcdb103f01ce0984abb4471348ea2431,10875 Palms Blvd,3,6,34.02199,-118.4165,12,0.8376300309834815,7.666666666666667,6,0.6744536016100793,0.0,12,0.8938722597203648,6.6,4.2,3.89,4.86,9
117,Centinela & Lucile,b4a680c4f604d6c6294d45da45977b03,Centinela & Lucile,6,2,33.98292,-118.41093,11,0.7109595882476839,8.2,2,0.8903277474332165,0.0,2,0.1611885064630862,0.0,4.2,3.74,4.83,8
118,Expo/Bundy E Line Station,50796e47c8183bd7ad15a3ff6b34f5ce,12201 Exposition Blvd,10,9,34.0314,-118.45363,9,0.782696555550612,6.866666666666667,3,0.6868851300599591,6.6,15,0.7263435865090436,0.0,4.17,3.92,4.84,19
119,Sepulveda & Venice,64e18051409c17c83d9905712ad21757,3732 S Sepulveda Blvd,7,10,34.01376,-118.4178,14,0.808748713591252,7.983333333333332,11,0.8504173067813333,5.366666666666667,8,0.8661905173173373,6.6,4.21,3.85,4.85,17
120,Palms & Motor,f1781cf3b5f4f5698e1ec92fe81192e1,10323 Palms Blvd,1,7,34.02655,-118.40846,11,0.8116744483672823,7.160000000000001,6,0.9187593072890632,0.0,17,0.8429557725475212,6.6,4.21,3.94,4.84,8
121,Venice & Hughes,8ca4b8b70c97bda7ea8b57e497c6bf31,9907 Venice Blvd,9,6,34.02339,-118.39922,23,0.90985062682529,7.357142857142857,8,0.8093490328270866,7.666666666666667,17,0.5867213610299062,6.6,4.16,3.92,4.81,15
122,Venice & Motor,52e43c1df191bc94668e1b35fd9fc33e,10404 Venice Blvd,7,4,34.02018,-118.40403,23,0.8573870451311438,7.608333333333333,6,0.9431329545424804,7.5,14,0.724986848751482,6.6,4.21,3.94,4.84,11
123,Venice & Sawtelle,8c01e48fc0f0496f72c949815b536225,11289 Venice Blvd,7,4,34.0118,-118.41944,12,0.9030344052364214,7.983333333333334,11,0.8504173067813333,5.366666666666667,3,0.8252284129779923,0.0,4.22,3.86,4.86,11
124,Rose & Rennie,3a5cf92914467011b9eaf649aed4e1b4,529 Rose Ave,12,9,33.99868,-118.47298,27,0.9184681478069476,7.81875,21,0.781295129719728,6.540000000000001,7,0.826444521796177,6.2,4.15,3.78,4.86,21
125,Inglewood & Braddock,7d64dff1a42a62da05c61a4aeeb357f1,4743 Inglewood Blvd,7,4,33.99302,-118.41491,1,0.9485099177425392,0.0,7,0.919634094317352,5.25,0,0.0,0.0,4.19,3.79,4.83,11
126,Venice & Abbot Kinney,587bfb9cc9640ef38d8b12372ff039f7,600 Venice Boulevard,3,7,33.98908,-118.46226,23,0.8362131732326945,7.75,24,0.9196637243513264,7.411111111111111,9,0.5107076025993672,6.7,4.11,3.77,4.85,10
127,Barrington & National,dab1b2bf38254f9d860c55ca72d35924,3010 S Barrington Ave,5,11,34.02245,-118.43833,1,0.3288597278672993,0.0,0,0.0,0.0,1,0.0,0.0,4.2,3.92,4.84,16
128,Pacific & North Venice,b770eb1a01e99a1c137fbae134669860,2100 Pacific Ave,7,7,33.98493,-118.46996,18,0.8141975906389282,7.544444444444445,29,0.8625234601800825,7.2666666666666675,6,0.5022232807196154,6.7,4.06,3.75,4.83,14
129,Rose & Main,a7dcfab379596aee2ab400d98b64caac,200 Rose Ave,14,7,33.99624,-118.47745,27,0.8940433568092935,7.760000000000001,22,0.8249147559524876,6.771428571428572,6,0.7353026619173866,0.0,4.11,3.79,4.85,21
130,Sepulveda & National,ac9ecb9ecbc6655f00b0e70b83b479f4,Sepulveda & National,8,8,34.02697,-118.42821,3,0.9200966780338818,6.4,1,0.9625457676534248,6.8,3,0.4431905321479326,0.0,4.19,3.9,4.86,16
131,Sepulveda & Palms,824d85cd4b812fefc0f68b22bb06de7f,3466 S Sepulveda Blvd,6,3,34.02006,-118.42268,2,0.0,0.0,3,0.4399321631121219,0.0,5,0.6416605381412379,0.0,4.21,3.91,4.85,9
132,Venice & Beethoven,f2f963e7bb0dd446e88ef763b0370791,12904 Venice Blvd,5,4,33.99958,-118.44136,3,0.7377457844032735,9.1,5,0.9012360865025006,5.7,10,0.8364495031314365,0.0,4.18,3.84,4.84,9
133,Ocean Front Walk & Navy,29efed17b8defa8df0efc7cdaeecb6f8,Ocean Front Walk at Navy St,26,0,33.99556,-118.48155,24,0.9294529199578494,7.753333333333334,16,0.8241019856422389,6.866666666666667,5,0.7788849834987817,0.0,4.11,3.8,4.85,26
134,Playa Vista Library,6ca639950c484f748701f90b58b43907,Playa Vista Drive,8,8,33.97024,-118.42607,4,0.4354297688433619,7.7,6,0.9267717545204964,0.0,3,0.0,0.0,4.17,3.66,4.83,16
135,Vista Hermosa Park,aa8ef9a9530bacf79d78d76073b4a6bf,1329 W 1st St,7,9,34.06126,-118.2586,18,0.7391177889501596,7.783333333333334,24,0.9023434376214984,6.8999999999999995,12,0.6717186653511056,6.4,4.22,3.66,4.8,16
136,Durango & Venice,cd379835c8579a35f7315500af422cfc,8985 Venice Blvd,5,7,34.02683,-118.39352,25,0.910884115763556,7.585714285714286,8,0.8214596969847655,7.666666666666667,13,0.4936230184797942,0.0,4.16,3.92,4.81,12
137,Inglewood & Ballona,8c4353669e8a710cf702bf174e654e85,4955 Inglewood Blvd,8,4,33.99032,-118.41205,0,0.0,0.0,0,0.0,0.0,1,0.1611885064630862,0.0,4.19,3.78,4.83,12
138,Union & Olympic,9a9ca9f754362bf4eae733c779761e4e,1552 W Olympic Blvd,5,9,34.04887,-118.2743,29,0.7471366046137109,6.946153846153847,33,0.7947444018269707,7.0888888888888895,14,0.6574359296471453,6.5,4.21,3.56,4.78,14
139,Lucerne & Sepulveda,4824943e4524023f5f810f67b864ebba,11220-11200 Lucerne Ave,0,11,34.00031,-118.40253,6,0.9206824865499588,6.833333333333333,5,0.6137890513566069,8.0,6,0.3660956887459335,6.6,4.21,3.77,4.79,11
140,Alla & Maxella,7437a593cf19a4a9632fa82e40d2d0cd,4314-4300 Alla Rd,7,5,33.98995,-118.43467,9,0.9049328304889124,7.85,6,0.930147023543134,6.1,11,0.731196986074071,0.0,4.16,3.79,4.85,12
141,Seabluff & Runway,a5140d82e96450c400685b0a05daf8d3,6020 Seabluff Dr,4,6,33.97366,-118.42286,13,0.7315523060764152,8.075,5,0.9267717545204964,0.0,4,0.0,0.0,4.17,3.68,4.83,10
142,Broadway & 11th,42c553af1ac3472fab2f5f64a9fbdd60,1041 S Broadway,12,6,34.04031,-118.25827,50,0.957183041824896,7.692105263157895,50,0.8870275910140552,7.653846153846154,42,0.6260419583713912,6.566666666666666,4.04,3.59,4.75,18
143,Alla & Glencoe,f8d217c59a5e69ddea0536d147d3fdec,4666-4650 Alla Rd,9,3,33.98486,-118.43113,6,0.7340765206376458,8.100000000000001,3,0.9879688976244004,6.5,5,0.0636154025328912,0.0,4.14,3.77,4.84,12
144,Motor & Regent,207d92f488309b1f5ab06d9112d8e606,3704-3700 Motor Ave,8,3,34.02258,-118.40551,21,0.8465460852026427,7.480000000000001,6,0.9285435744700896,0.0,18,0.6768011976141934,6.6,4.19,3.95,4.84,11
145,Wiltern,ed15f570b52c1346e6c40a02f655fe42,650 S Western Ave,8,5,34.06079,-118.30907,33,0.8131741438554179,7.545454545454546,21,0.8783105361582328,6.125,15,0.6019417112737325,6.4,4.23,3.82,4.7,13
146,Westwood/Rancho Park E Line Station,4cd0ce57ea6c76853f2f3fc3735574cd,Westwood Blvd & Exposition Blvd,14,5,34.03687,-118.4255,4,0.9551836856472116,7.8,3,0.95103678947272,6.4,2,0.9945144244987476,0.0,4.19,3.87,4.84,19
147,Figueroa & Jefferson,b3af429166b8ae1b55e1921e8b9f7090,3330 S Figueroa St,2,6,34.02209,-118.27979,15,0.8483702484299198,6.1,9,0.5135804633950373,5.6,10,0.9062745008601124,0.0,4.18,3.67,4.81,8
148,Main & 8th,3e2797853d356ad506c11f8ad17392b9,755 S Main,4,3,34.04298,-118.25295,50,0.9638005407060584,7.779545454545455,47,0.7278743753581031,7.642857142857143,50,0.7230505281555681,7.425,4.09,3.56,4.76,7
149,Culver & Centinela,7b1a205dcac17e43c98198e8f5149f47,12415 Culver Blvd,8,4,33.99097,-118.4213,6,0.958366680363158,7.766666666666668,5,0.9094548534868038,5.25,2,0.0855812590128581,0.0,4.21,3.8,4.84,12
150,Stanford & Washington,05259ad813a2f8953c29621acb8f20a4,3205 Washington Blvd,5,5,33.9897,-118.44888,12,0.8706948308396123,8.216666666666667,16,0.9296522050914304,6.94,22,0.5540496685361941,6.5,4.09,3.76,4.84,10
151,Grand & 3rd,23d0b0c0157ceea993b0347d60855885,250 S Grand Ave,8,5,34.0532,-118.25095,50,0.9456769179551704,7.645000000000001,43,0.7969342542260653,7.314285714285715,50,0.7330337874479994,7.116666666666667,4.11,3.54,4.63,13
152,Yucca & Argyle,be3d328c0acde30d7a39e2fba14fa6da,6247 Yucca St,11,12,34.10385,-118.32546,50,0.8827996624606352,7.915151515151515,50,0.7689591912421749,6.742857142857143,21,0.6497763633460963,7.1,4.04,3.88,4.73,23
153,Franklin & Fuller,0d31b7f7888cb1a1948eb59633a48a6d,7333 Franklin Ave,15,8,34.10338,-118.34919,32,0.6935356848588763,7.263636363636365,43,0.8259980461002202,6.676923076923078,15,0.6572660320916636,0.0,4.12,3.9,4.81,23
154,Fountain & Vine,60a7728024249a071bc8dd4c5b2b14af,6265 Fountain Ave,6,8,34.09435,-118.32636,45,0.9058287270101092,7.908333333333334,38,0.7621459354695231,7.2125,24,0.6024496280075419,7.1,4.07,3.95,4.78,14
155,Glendon & Kinross,badaff4813ff524d71bdb06e6b9b63f1,1080 Glendon Ave,8,2,34.06097,-118.44437,20,0.7837780985257514,6.828571428571428,22,0.8649758043198906,7.8,16,0.7390114210652666,6.199999999999999,4.23,3.91,4.85,10
156,Broxton & Weyburn,2ac102e79a5527fce84cf21651cfce5f,1017 Broxton Ave,7,9,34.06211,-118.44692,18,0.7964973623349987,6.828571428571428,22,0.8662283789548617,7.8,17,0.7390114210652666,6.199999999999999,4.22,3.9,4.86,16
157,Perloff Hall,7a7cb6863d8e1b4185706c472ea4dde3,1317 Portola Plaza,9,9,34.07365,-118.43984,4,0.8862816120682661,7.3,2,0.9154184975909008,7.2,4,0.9236494780066632,0.0,4.21,3.93,4.85,18
158,North Hollywood Station,d35a0881f850a15a7273197b65bc170c,5377 Lankershim,14,6,34.16863,-118.37707,22,0.839760215444931,7.316666666666666,6,0.803115471887734,7.6,26,0.5885142273390684,6.6,4.31,3.71,4.76,20
159,Lankershim & Califa,78f72fe673db7c6c1030a9e1bf1b9f16,5906 Lankershim Blvd,3,7,34.17765,-118.38231,6,0.7986727053361354,7.4,8,0.6383125312423938,6.3,9,0.0,0.0,4.28,3.57,4.8,10
160,Lankershim & Vineland,51b8b644036bf312ee7531660ce987ee,4825 Lanklershim Blvd,6,5,34.15832,-118.37081,18,0.8961452120295321,7.585714285714286,6,0.7437105626117202,5.6,10,0.6304808864159598,0.0,4.23,3.71,4.79,11
161,Lankershim & Hesby,8e540a24944782a9be7b3c13f9fa5f21,5032 Lankershim Blvd,7,4,34.16171,-118.37282,19,0.8987558330040069,7.542857142857143,7,0.7814964768612178,5.6,18,0.6157786193413646,6.7,4.24,3.72,4.76,11
162,Riverside & Cahuenga,917c2daaeffae8ac60a933070ac0db13,10600 Riverside Dr,16,1,34.15214,-118.36195,7,0.9471504880449824,7.783333333333334,1,0.0,0.0,5,0.9257602206792588,0.0,4.21,3.8,4.82,17
163,Magnolia & Cartwright,4f7608264db5b8d74c35de2dc7bcbb86,10650 W Magnolia Blvd,8,4,34.16495,-118.36363,21,0.9054254388911136,7.33,4,0.8258251263435865,5.6,15,0.4410350359729175,6.5,4.26,3.72,4.74,12
164,Chandler & Cahuenga,811421eb59c1fbe6be964ba8a698a25f,10605 Chandler Blvd,7,5,34.16875,-118.36187,9,0.8911173831651306,7.24,2,0.6845244482364241,0.0,12,0.378750722991523,6.5,4.28,3.74,4.82,12
165,North Hollywood Plaza,984cfe587c23a45fb7b73a8e67e4ed68,5223 Lankershim Blvd,3,6,34.16552,-118.37515,24,0.8523074225384921,7.512499999999999,9,0.8272400305684742,6.6,26,0.5885142273390683,6.6,4.27,3.72,4.69,9
166,Chandler & Colfax,b79c5b42d89b33061cc3aca3a3be2661,11688 Chandler Blvd,15,3,34.16835,-118.3875,2,0.6557945316977803,0.0,3,0.9705346604099,7.6,5,0.9516950061895926,6.7,4.26,3.72,4.77,18
167,Magnolia & Clybourn,20b55492d6134acf8ccb5ac2b39c4938,10301 W Magnolia Blvd,5,5,34.16522,-118.35515,6,0.96082427257953,7.4,4,0.7954236605896625,5.6,5,0.0,0.0,4.27,3.76,4.83,10
168,Chandler & Laurel Canyon,c4c531842a6efaba2022fa2d33df120b,5352 Laurel Canyon Blvd,6,7,34.16833,-118.39616,3,0.976380095945228,8.2,0,0.0,0.0,1,0.0,0.0,4.24,3.66,4.83,13
169,Santa Monica & Sunset,1f95c77e7fb60a7cd1a9b56db2d7de6b,Sunset Blvd & Sanborn Ave,9,6,34.0926,-118.28093,24,0.8620288528609278,7.716666666666666,15,0.8027556990924548,6.1,6,0.130065193552355,0.0,4.18,3.8,4.79,15
170,Sunset & Silver Lake,8dcdb3f87280c047611cd9af464b86cd,2847 Sunset Blvd,7,8,34.08252,-118.27272,19,0.9438761284254398,7.309090909090909,5,0.6308717162226648,5.5,5,0.497938329150233,0.0,4.17,3.71,4.81,15
171,Sunset Triangle Plaza,a947b8b349c967bc6e5e1e6608ae839c,Sunset Blvd & Maltman Ave,5,10,34.09028,-118.27719,28,0.9003989354287636,7.36875,9,0.5289039579369421,0.0,3,0.187645416168315,0.0,4.15,3.8,4.8,15
172,Laveta Terrace & Sunset,dde4ea3967814e39f383b1f4e45fd120,1524 Sunset Blvd,5,4,34.07598,-118.25601,23,0.910870128476575,8.058823529411764,5,0.8367969316370623,5.5,11,0.4968518135637135,0.0,4.22,3.68,4.81,9
173,Sunset & Douglas,5a22e9d31b521bbcfc1e3127c4739a7d,1389 S Sunset Blvd,5,7,34.07364,-118.25157,22,0.9297797482113866,8.024999999999999,7,0.8611683543011779,5.65,3,0.0,0.0,4.24,3.67,4.8,12
174,Mohawk Bend,b6e2754f48fdf95021fffbac7e0d65cb,2134 Sunset Blvd,7,2,34.07735,-118.26455,22,0.8999951582468142,7.925000000000001,6,0.821383144941153,5.4,13,0.5756011407344982,0.0,4.2,3.71,4.81,9
175,Hollywood & Rodney,522511c112d63a657174326b267a20aa,Hollywood Blvd & Rodney Dr,3,5,34.10011,-118.28986,25,0.8423258212005978,7.509090909090909,12,0.9162648883910464,6.65,14,0.6957785800839063,5.800000000000001,4.22,3.85,4.8,8
176,Main & 1st,61547daf82fcb2ad6488073fbf9304db,120 S Main Street,20,9,34.05194,-118.24353,50,0.9357887920971478,7.913157894736842,42,0.7207670474943558,6.228571428571429,49,0.7804936819407661,7.114285714285714,4.13,3.59,4.41,29
177,Whitley & Hollywood,372892ce8eabf802fa9c68613aff9408,6561 Hollywood Blvd,9,4,34.10186,-118.33329,50,0.894047698719785,7.828947368421052,50,0.8380870869194819,6.839999999999999,31,0.6874560850231143,6.266666666666666,3.9,3.75,4.79,13
178,Grand & Temple,78174c3bf611bbd7c864b3efedda5d02,310 N Grand Ave,10,5,34.05832,-118.24609,40,0.8757654510416272,7.470588235294118,22,0.8318357049200064,5.98,43,0.6692463876595488,7.05,4.15,3.62,4.59,15
179,Figueroa & Cesar Chavez,95789780ee14749fd05a6c1d5df2c463,668 N Figueroa Street,8,7,34.06318,-118.24588,19,0.8802387442324251,8.25,11,0.9534935212108048,5.725,19,0.6451289345787544,0.0,4.22,3.68,4.64,15
180,Spring & 3rd,9b0de9741362c26af563de4a47d89b74,300 S Spring Street,5,10,34.04998,-118.24716,48,0.9468810306296208,7.875,50,0.6857833884893586,6.8999999999999995,50,0.7279346528047299,7.475,4.05,3.53,4.69,15
181,Western & Hollywood,351c778627d337eafb41fe71e62b6893,1661 Western Ave ,5,5,34.10164,-118.30917,15,0.7235799486861403,7.616666666666666,36,0.8535913507967956,5.94,11,0.6885513910662239,0.0,4.23,3.79,4.77,10
182,McCadden & Hollywood,ee5c0e65c876bea41d2430aea2bcc677,1714 N McCadden Pl,5,9,34.102,-118.33741,50,0.8982151554837575,7.776470588235293,50,0.8159777733400957,6.768421052631578,28,0.6260477597513346,5.85,3.93,3.73,4.81,14
183,Normandie & Hollywood,15567687a0ea932468d6842feca52132,1689 N Normandie Ave,10,4,34.10189,-118.30061,16,0.8085617899307238,8.014285714285714,23,0.8641085089232202,5.8,15,0.6952843227362782,0.0,4.22,3.78,4.77,14
184,Ivar & Hollywood,6be962b03109cc2a08c7150b60c6703f,6331 Hollywood Blvd,7,9,34.10186,-118.32811,50,0.907244507254004,7.891891891891892,50,0.8304175351883631,6.633333333333334,23,0.6690443997094472,7.1,4.01,3.83,4.74,16
185,New High & Ord,e0ec8d4e766ed1990a3653ba52e0aa42,725 New High Street,8,7,34.06056,-118.23833,18,0.948150319424852,8.183333333333334,6,0.9646237957774678,5.766666666666666,46,0.705991977326443,6.659999999999999,4.19,3.58,4.64,15
186,Broadway & 3rd,ec8e824ea33a1ea50dca3f955a3656ce,303 S Broadway Street,13,8,34.05088,-118.24825,50,0.94536825285136,7.755,48,0.6830797737723538,7.083333333333335,50,0.7160314105298703,7.116666666666667,4.08,3.53,4.63,21
187,Cherokee & Hollywood,e72f48651d9602fe2560e4da29fff33c,1717 N Cherokee Ave,7,6,34.10176,-118.33474,50,0.9144911135802658,7.794736842105264,50,0.8257457390390995,6.8,32,0.6712907590560413,5.85,3.89,3.74,4.79,13
188,Hawthorn & Orange,214ace18fb50b6c7fb3e9d241d16f1e2,7000 Hawthorn Ave,6,5,34.10038,-118.3418,31,0.9013268148504856,7.683333333333334,50,0.8324559073314612,6.800000000000001,25,0.663494664039034,5.85,4.05,3.77,4.77,11
189,Highland & Hollywood,4df0b9a7795a15f7554088b7c214a197,1721-1701 N Highland Ave,1,10,34.10196,-118.33885,50,0.894585175162417,7.772727272727272,50,0.8170873975707484,6.76842105263158,27,0.6580205931540226,5.85,4.01,3.75,4.81,11
190,2nd & Hill,045d94c992fae0efe8a2e113b28353c8,201 South Hill Street,9,8,34.05287,-118.24749,50,0.9227439974619328,7.802777777777777,49,0.7216959396447112,6.6,48,0.7627040188296218,7.220000000000001,4.11,3.59,4.65,17
191,Figueroa Plaza,6dae8f21f5acf8b00ae8271edf630e34,201 N Figueroa,8,7,34.05896,-118.25059,25,0.8877281559351108,7.616666666666667,27,0.7629733317039811,6.279999999999999,28,0.6240734723304481,7.325,4.19,3.61,4.59,15
192,Highland & Sunset,ced9a459caaae101a468f5f848bb579a,1500 N Highland Ave,14,9,34.09823,-118.33882,49,0.8907411984626414,7.725806451612903,50,0.816691568751449,6.95625,32,0.6511390792569514,5.85,4.03,3.76,4.81,23
193,Broadway & 9th,8f74944ce400222932b6a4edf3c0dfdf,902 South Broadway,8,7,34.04211,-118.25619,50,0.9688980954898412,7.724444444444445,44,0.8553243021239033,7.972727272727272,50,0.7170290685220295,6.6,4.07,3.59,4.75,15
194,7th & Flower,da4d0dbf974dad47cfb0cb7efdd3bc1b,700 Flower St,18,13,34.0485,-118.25854,50,0.9743953435420172,7.783673469387755,50,0.8338720585579643,7.923076923076923,50,0.7347133302960811,7.0,4.02,3.51,4.67,31
195,Figueroa & 8th,8219b73a07ca0e2776bc2638c44cdc32,Reinstalled 6/15,12,10,34.0484,-118.26095,50,0.9409139136283574,7.583333333333333,50,0.8519924595287265,7.941666666666666,50,0.7257283567089687,6.849999999999999,4.04,3.53,4.61,22
196,Spring & College,476fae3202b1ed6fc4167669ec26bb37,870 N Spring Street,10,5,34.06339,-118.23616,15,0.9524948517366594,8.183333333333335,5,0.9646237957774678,5.766666666666666,39,0.7069422775402164,6.625,4.22,3.61,4.68,15
197,3rd & San Pedro,9894c945cdc5cfb4621204c680d62fa2,350 E Third Street,4,9,34.04775,-118.24317,50,0.950071242939733,8.02857142857143,50,0.6836540156273563,6.328571428571428,38,0.7445603339152161,7.766666666666667,4.12,3.56,4.65,13
198,12th & Hill,18a4251153c4162fb58695f9418f1286,129 W 12th Street,14,5,34.03861,-118.26086,45,0.9082056610328522,7.679166666666666,47,0.8812090451599681,7.383333333333333,33,0.6543053654476789,6.55,4.07,3.56,4.77,19
199,23rd St & Flower,e9e4f5ad71c10ee25a4397cd34e2277a,509 W 23rd St,10,12,34.03027,-118.27319,6,0.9743439424433318,6.300000000000001,9,0.5049346625036313,5.0,21,0.738149554631406,6.5,4.21,3.63,4.81,22
200,7th & Westminster,5834816cfae0800c39cc1424742ea3f3,1150 7th Ave,8,7,33.99537,-118.4648,14,0.920938297542946,8.18888888888889,13,0.8040180444725936,0.0,2,0.7077727150196418,0.0,4.12,3.8,4.86,15
201,Purdue & Santa Monica,607ebeeb5e4eec3a44760b20b5ff7910,1600 Purdue Ave,12,6,34.04655,-118.45144,4,0.5090793777082194,7.6,6,0.904750065211,6.3,20,0.7649188155763126,6.65,4.18,3.91,4.84,18
202,Mississippi & Sawtelle,910bb0b1f854bafd3d245fbaeb0a47af,11298 Mississippi Ave,7,2,34.03974,-118.44227,9,0.938840992712694,7.016666666666666,4,0.9622892855927744,6.3,12,0.8867638245139272,0.0,4.16,3.92,4.84,9
203,Argyle & Hollywood ,37b39051684610b90c98b9f63b35ed91,6203 Hollywood Blvd,8,9,34.10185,-118.32514,50,0.8904529440075947,7.94,50,0.8430032904292933,6.675,21,0.6497763633460963,7.1,4.01,3.9,4.68,17
204,Maxella & Glencoe,ab2997395f1590d3dd8e60b1e808b3aa,13438 Maxella Ave,10,3,33.98667,-118.44095,12,0.945264307380664,8.325000000000001,12,0.936451895966988,7.300000000000001,20,0.4722223572346448,6.5,4.08,3.76,4.84,13
205,Hope & Olympic,7e886a76d4c9030003f68b9710d9b77c,960 S Hope Street,7,15,34.04417,-118.26117,50,0.9520635552077634,7.625,50,0.9031711837086108,7.975,49,0.709844088069808,6.566666666666666,4.05,3.57,4.68,22
206,7th & Westmoreland,2a336787e14c740594c3219268e8e2b7,2966 7th St,5,10,34.05978,-118.28854,35,0.8698679233706046,7.4363636363636365,26,0.840188597587974,6.133333333333333,10,0.7951763924838543,0.0,4.28,3.8,4.81,15
207,Figueroa & Pico,7906322e33ab0a57d78749a6b4e6b429,1259-1299 S Figueroa Street,11,8,34.04113,-118.26798,38,0.8877733954822519,7.3,38,0.9155694965680446,7.254545454545454,27,0.7030809666481032,6.533333333333334,4.13,3.55,4.77,19
208,Gateway Plaza,48fea9f8e706864ba57f6843d01a1003,"425 Westwood Plaza, Los Angeles, CA 90095",9,3,34.06975,-118.44535,16,0.8009409140357627,6.766666666666666,17,0.8752389252529271,7.566666666666666,9,0.7824116118327213,0.0,4.21,3.87,4.85,12
209,Hope & 11th,def3900a24d7973f09d47631d6acc4c5,1113 S Hope St,10,18,34.04206,-118.26338,50,0.9367112308988284,7.532258064516129,45,0.9124488889703116,7.833333333333333,32,0.6518634992004564,6.566666666666666,4.09,3.55,4.71,28
210,Venice & Glendon,8a6eeaef023e1bc0bd41d0096f34cc86,10823 Venice Blvd,3,6,34.01745,-118.40957,13,0.8435665895184913,7.95,10,0.9053254050715402,5.0,14,0.6955217708777706,6.6,4.21,3.88,4.85,9
211,Main & 9th,d0ffbb24371e15f84a11e83e8d7be22a,110 E 9th Street,8,7,34.04099,-118.2558,48,0.9630843218215926,7.7666666666666675,42,0.8557348804932509,7.477777777777779,43,0.6936512206768221,6.6,4.06,3.59,4.78,15
212,Drake Stadium,a89d6c100faed9d9b442a0648bf0fa05,"UCLA12, Drake Stadium",8,12,34.07262,-118.44944,4,0.8862816120682661,7.3,7,0.8133155191711615,0.0,6,0.7062348695212946,0.0,4.21,3.91,4.85,20
213,Weyburn Terrace,addde233ab04ea3e7a1d4235e30b53c1,"UCLA17, Weyburn Terrace",5,7,34.06186,-118.45002,14,0.8093515072365772,6.766666666666666,20,0.8591192760360999,7.75,18,0.7390114210652666,6.199999999999999,4.22,3.91,4.87,12
214,Venice & Lincoln,d0ad672fd435566b6076e2d5dc2ade7a,923 Venice Blvd,8,8,33.99377,-118.45367,8,0.8653060249729778,8.28,14,0.8946967753923782,6.633333333333333,14,0.6446993562067641,6.5,4.13,3.77,4.84,16
215,University Village (Sawtelle Blvd),1ffc5c3262e17a3afac7018fea958fc0,3210 Sawtelle Blvd,7,4,34.02341,-118.42901,4,0.7230176946450211,6.4,2,0.4399321631121219,0.0,3,0.4431905321479326,0.0,4.18,3.9,4.85,11
216,Mariota & Riverside,7e4977296751cf00bd4ec57fc36452bd,4499 Mariota Ave,6,7,34.152,-118.3506,6,0.9473906769736224,7.875,7,0.9452106513869456,6.8999999999999995,3,0.0,0.0,4.26,3.77,4.83,13
217,Arizona Ave & 16th St,87dee229b20d375861dc8c34d687e331,Arizona Ave & 16th,9,2,34.02705,-118.48518,14,0.8860955317161006,7.557142857142857,8,0.6982069810229447,7.15,21,0.648245322473848,6.6499999999999995,4.12,3.83,4.85,11
218,Main & Winston,e74bdf48195a7d6b7963f1456727559d,429 S Main St,5,8,34.04744,-118.24794,50,0.9646684969366096,7.837777777777777,47,0.6697015299067679,7.299999999999999,50,0.6779310854221936,7.475,4.07,3.5,4.76,13
219,Sunset & Virgil,a6ace1fa31df6d7d551cb5626c3a73ab,4459 Sunset Blvd,4,6,34.09801,-118.28707,31,0.8592532089403271,7.725,17,0.9170852571045716,6.65,16,0.7284869855709939,5.800000000000001,4.18,3.84,4.8,10
220,Hoover & Fountain,d463dde2137b159cee2678c6e9525741,1254 N Hoover St,9,5,34.09493,-118.28456,27,0.8631526131820563,7.684615384615385,16,0.9189695527877592,6.65,16,0.7068341346216759,5.800000000000001,4.18,3.82,4.8,14
221,Pershing Square,2c62b4e6116c60d6d04820adb67152da,532 W Olive Street,12,9,34.04804,-118.25374,50,0.9702686518727116,7.7,50,0.7635392430638613,7.529999999999999,50,0.7181216947896787,7.083333333333333,4.07,3.5,4.73,21
222,Venice & Inglewood,976e229ed7e475f2fb1f6885723fe3fe,12006 Venice Blvd,5,3,34.00587,-118.42916,8,0.9153159047666406,7.475,4,0.0,0.0,4,0.8552211110907554,0.0,4.19,3.86,4.79,8
223,4th & Vermont,f4241a4533edd23744a664b9828d7fb5,3260 W 4th St,4,11,34.06699,-118.29088,36,0.8571515498657583,7.5,24,0.7805566242308083,6.833333333333333,6,0.5310321483687653,0.0,4.26,3.8,4.8,15
